{"stat.useItem.35":59,"stat.useItem.24":31,"stat.flyOneCm":214657,"stat.useItem.152":6,"stat.leaveGame":1,"achievement.openInventory":19,"stat.useItem.137":24,"stat.useItem.356":18,"stat.useItem.331":63,"stat.jump":106,"achievement.exploreAllBiomes":{"value":0,"progress":["Desert"]},"stat.useItem.1":2,"stat.damageTaken":2147483647,"stat.walkOneCm":97340,"stat.useItem.72":2,"stat.deaths":1,"stat.useItem.42":21,"stat.useItem.76":15,"stat.useItem.77":4,"stat.useItem.404":3,"stat.useItem.123":2,"stat.playOneMinute":105779,"stat.useItem.102":7}