{"stat.useItem.143":12,"stat.useItem.35":52,"stat.useItem.148":2,"stat.useItem.147":3,"achievement.openInventory":106,"stat.useItem.145":1,"stat.jump":2462,"achievement.exploreAllBiomes":{"value":0,"progress":["Desert"]},"stat.useItem.1":54,"stat.mobKills":35,"stat.damageTaken":3680,"stat.minecartOneCm":37685,"stat.useItem.54":4,"stat.killEntity.Chicken":16,"stat.deaths":2,"stat.killEntity.Ozelot":6,"stat.useItem.383":11,"stat.useItem.76":62,"stat.useItem.77":5,"stat.useItem.10":3,"stat.useItem.126":2,"stat.useItem.171":2,"stat.damageDealt":6040,"stat.killEntity.Villager":10,"stat.killEntity.Spider":3,"stat.drop":60,"stat.useItem.158":39,"stat.useItem.24":173,"stat.flyOneCm":670731,"stat.useItem.137":19,"stat.leaveGame":6,"stat.useItem.154":4,"stat.useItem.356":9,"stat.useItem.331":64,"stat.useItem.69":6,"stat.useItem.276":75,"stat.walkOneCm":619950,"stat.useItem.44":2,"stat.useItem.404":6,"stat.playOneMinute":272057,"stat.useItem.23":9,"stat.useItem.20":26}