{"stat.useItem.18":1,"stat.useItem.7":1,"stat.useItem.143":29,"achievement.openInventory":453,"stat.useItem.145":5,"stat.jump":3217,"achievement.exploreAllBiomes":{"value":0,"progress":["Desert"]},"stat.useItem.1":1069,"stat.minecartOneCm":2683,"stat.damageTaken":-2147481893,"stat.useItem.3":15,"stat.useItem.54":12,"stat.useItem.383":244,"stat.useItem.12":7,"stat.damageDealt":9790,"stat.killEntity.Villager":36,"stat.useItem.102":1,"stat.useItem.338":5,"stat.drop":100,"stat.leaveGame":17,"stat.useItem.137":2993,"stat.useItem.331":7272,"stat.walkOneCm":1743828,"stat.useItem.276":85,"stat.killEntity.EntityHorse":1,"stat.useItem.44":181,"stat.horseOneCm":2468,"stat.useItem.404":1521,"achievement.mineWood":4,"stat.useItem.35":12595,"stat.useItem.85":2,"stat.useItem.323":252,"stat.useItem.89":52,"stat.mobKills":38,"stat.useItem.328":5,"stat.useItem.422":10,"stat.deaths":6,"stat.useItem.72":1,"stat.useItem.76":858,"stat.useItem.77":26,"stat.useItem.123":54,"stat.useItem.171":12,"stat.useItem.33":12,"stat.useItem.27":3,"stat.useItem.157":2,"stat.useItem.159":646,"stat.useItem.158":62,"stat.useItem.24":526,"stat.useItem.152":27,"stat.flyOneCm":9947687,"stat.useItem.155":55,"stat.useItem.29":13,"stat.useItem.154":24,"stat.useItem.28":1,"stat.useItem.356":744,"stat.useItem.69":26,"stat.useItem.61":3,"stat.useItem.66":3,"stat.useItem.397":1,"stat.useItem.160":1,"stat.playOneMinute":4130935,"stat.useItem.23":1,"stat.useItem.20":25}